Image_No,age,gender,race,center_dist,space
0,20-29,female,black,11.180339887498949,88.13293051359517
0,"{'0-2': 3.3238148944292334e-05, '3-9': 0.003759437458938919, '10-19': 1.8714874982833862, '20-29': 70.98275423049927, '30-39': 26.011309027671814, '40-49': 1.1104866862297058, '50-59': 0.020005990518257022, '60-69': 0.00016384983609896153, '70+': 2.753688654877351e-06}","{'male': 0.14463876141235232, 'female': 99.85536932945251}","{'white': 0.5646760109812021, 'black': 67.99997091293335, 'latino hispanic': 9.21863242983818, 'asian': 0.09477228159084916, 'indian': 21.704858541488647, 'middle eastern': 0.41708704084157944}",,
1,30-39,male,white,98.00510190801295,34.5403981264637
1,"{'0-2': 5.099983013678866e-06, '3-9': 0.00018835131641026237, '10-19': 0.15682425582781434, '20-29': 32.98842906951904, '30-39': 59.374332427978516, '40-49': 7.285591959953308, '50-59': 0.1921309158205986, '60-69': 0.0024611525077489205, '70+': 3.855237196148664e-05}","{'male': 99.99654293060303, 'female': 0.003457376078586094}","{'white': 71.26235961914062, 'black': 0.08634149562567472, 'latino hispanic': 9.18664038181305, 'asian': 0.02431291650282219, 'indian': 0.09410566417500377, 'middle eastern': 19.346241652965546}",,
2,20-29,female,white,1.4142135623730951,95.98130841121495
2,"{'0-2': 0.05399560905061662, '3-9': 2.580936625599861, '10-19': 27.184879779815674, '20-29': 61.8286669254303, '30-39': 7.96123743057251, '40-49': 0.38106762804090977, '50-59': 0.008480688120471314, '60-69': 0.0006926611604285426, '70+': 4.039584666770679e-05}","{'male': 1.5362337231636047, 'female': 98.46376180648804}","{'white': 54.412657022476196, 'black': 0.26689276564866304, 'latino hispanic': 16.36226773262024, 'asian': 7.200341671705246, 'indian': 0.08423883700743318, 'middle eastern': 21.67360782623291}",,
3,20-29,female,white,32.89376840679706,67.00217173404612
3,"{'0-2': 9.09528694137407e-05, '3-9': 0.6431940011680126, '10-19': 24.921776354312897, '20-29': 70.85518836975098, '30-39': 3.555455058813095, '40-49': 0.024176618899218738, '50-59': 0.00011972460924880579, '60-69': 1.3955184563485545e-06, '70+': 1.2022625117680263e-07}","{'male': 0.0002704752205318073, 'female': 99.99973177909851}","{'white': 99.97143745422363, 'black': 5.106972480461991e-05, 'latino hispanic': 0.017871793534141034, 'asian': 0.0009787043381948024, 'indian': 7.49902199004282e-05, 'middle eastern': 0.00958455857471563}",,
4,20-29,male,white,19.4164878389476,52.04872646733112
4,"{'0-2': 0.00027698981739376904, '3-9': 0.005075965236756019, '10-19': 0.3607920603826642, '20-29': 68.8035249710083, '30-39': 30.036452412605286, '40-49': 0.7876850664615631, '50-59': 0.005903964847675525, '60-69': 0.00027957748898188584, '70+': 1.2920692427087488e-05}","{'male': 99.99272227287292, 'female': 0.007279881538124755}","{'white': 95.67259550094604, 'black': 0.023518377565778792, 'latino hispanic': 0.8349377661943436, 'asian': 0.057078147074207664, 'indian': 0.014883186668157578, 'middle eastern': 3.3969946205615997}",,
5,20-29,female,latino hispanic,2.0,89.06829806438672
5,"{'0-2': 0.0005926962785451906, '3-9': 0.20965293515473604, '10-19': 8.481453359127045, '20-29': 74.42687749862671, '30-39': 16.12677276134491, '40-49': 0.733693316578865, '50-59': 0.020029355073347688, '60-69': 0.0009086202226171736, '70+': 2.027243226621067e-05}","{'male': 0.08473547641187906, 'female': 99.9152660369873}","{'white': 2.8299666941165924, 'black': 1.4228761196136475, 'latino hispanic': 78.71388792991638, 'asian': 15.854118764400482, 'indian': 1.0014653205871582, 'middle eastern': 0.17768965335562825}",,
6,20-29,female,white,10.77032961426901,88.36507936507937
6,"{'0-2': 2.9496181053190185e-07, '3-9': 0.000260441493082908, '10-19': 1.0014887899160385, '20-29': 81.1632752418518, '30-39': 17.705579102039337, '40-49': 0.12914574472233653, '50-59': 0.0002407080046396004, '60-69': 1.2942649618707947e-06, '70+': 5.3007875866484255e-09}","{'male': 3.692079815209581e-05, 'female': 99.99996423721313}","{'white': 76.09881162643433, 'black': 0.018220412312075496, 'latino hispanic': 22.847847640514374, 'asian': 0.11054089991375804, 'indian': 0.06093709962442517, 'middle eastern': 0.8636476472020149}",,
7,20-29,female,asian,36.013886210738214,35.64583333333333
7,"{'0-2': 0.004886917668045498, '3-9': 1.6126934438943863, '10-19': 12.963700294494629, '20-29': 64.60313200950623, '30-39': 18.278436362743378, '40-49': 2.3428188636898994, '50-59': 0.17758178291842341, '60-69': 0.01559717784402892, '70+': 0.0011534841178217903}","{'male': 0.4848842974752188, 'female': 99.5151162147522}","{'white': 2.7137737721204758, 'black': 0.009866012987913564, 'latino hispanic': 2.7718424797058105, 'asian': 94.18814778327942, 'indian': 0.06382204592227936, 'middle eastern': 0.2525515155866742}",,
8,20-29,female,white,36.6742416417845,43.053405572755416
8,"{'0-2': 0.0013889904039388057, '3-9': 0.09231235599145293, '10-19': 2.7261530980467796, '20-29': 41.05043113231659, '30-39': 33.30874741077423, '40-49': 17.287874221801758, '50-59': 4.784984886646271, '60-69': 0.6917189341038465, '70+': 0.056390464305877686}","{'male': 0.28729462064802647, 'female': 99.71270561218262}","{'white': 92.0514702796936, 'black': 0.007350067608058453, 'latino hispanic': 0.6379180122166872, 'asian': 0.002164173019991722, 'indian': 0.04130871966481209, 'middle eastern': 7.259783893823624}",,
9,20-29,female,white,119.00420160649793,45.111111111111114
9,"{'0-2': 2.6172756406595e-06, '3-9': 0.0085149280494079, '10-19': 10.126390308141708, '20-29': 88.26984763145447, '30-39': 1.5924008563160896, '40-49': 0.002845677408913616, '50-59': 3.204885246077538e-06, '60-69': 5.06457487059464e-08, '70+': 1.7394245765967042e-09}","{'male': 0.009646298713050783, 'female': 99.99035596847534}","{'white': 90.81648588180542, 'black': 0.030534740653820336, 'latino hispanic': 2.554846927523613, 'asian': 0.008854320185491815, 'indian': 0.021394903887994587, 'middle eastern': 6.567883491516113}",,
10,20-29,female,asian,33.37663853655727,72.16171428571428
10,"{'0-2': 0.00010938507557511912, '3-9': 0.28926972299814224, '10-19': 41.725438833236694, '20-29': 57.24781155586243, '30-39': 0.7281073369085789, '40-49': 0.009229285205947235, '50-59': 3.06940904692965e-05, '60-69': 4.586012281038165e-06, '70+': 1.2159218076845946e-07}","{'male': 0.028089320403523743, 'female': 99.97190833091736}","{'white': 0.12272401945665479, 'black': 0.00013184693443690776, 'latino hispanic': 0.09389414335601032, 'asian': 99.76338148117065, 'indian': 0.012789753964170814, 'middle eastern': 0.007076287147356197}",,
11,40-49,male,white,19.026297590440446,78.4
11,"{'0-2': 0.00037825070648978, '3-9': 0.0006610034233744955, '10-19': 0.025609106523916125, '20-29': 0.23024859838187695, '30-39': 8.36612656712532, '40-49': 61.753469705581665, '50-59': 28.504419326782227, '60-69': 1.1145289056003094, '70+': 0.004550320954876952}","{'male': 99.99995827674866, 'female': 3.5901615547118126e-05}","{'white': 89.11241888999939, 'black': 0.001157114365923917, 'latino hispanic': 4.308965057134628, 'asian': 0.15009413473308086, 'indian': 0.12511098757386208, 'middle eastern': 6.302246451377869}",,
12,20-29,male,middle eastern,84.31488599292535,31.639412997903566
12,"{'0-2': 3.0500842740366352e-05, '3-9': 0.0019400173187023029, '10-19': 0.8667277172207832, '20-29': 78.52787971496582, '30-39': 20.423822104930878, '40-49': 0.17924191197380424, '50-59': 0.0003551905820131651, '60-69': 8.045344657148235e-06, '70+': 2.8458500000994036e-07}","{'male': 99.785715341568, 'female': 0.21428484469652176}","{'white': 33.57901573181152, 'black': 0.026267519569955766, 'latino hispanic': 4.493885114789009, 'asian': 0.012940508895553648, 'indian': 0.16400875756517053, 'middle eastern': 61.72388792037964}",,
13,20-29,male,white,127.09838708654017,42.945945945945944
13,"{'0-2': 1.549202437445274e-05, '3-9': 0.011832918971776962, '10-19': 5.509096756577492, '20-29': 89.74395990371704, '30-39': 4.652786999940872, '40-49': 0.08213385590352118, '50-59': 0.00017719304423735593, '60-69': 1.3685849786782e-06, '70+': 2.6057314639338358e-08}","{'male': 99.99957084655762, 'female': 0.00042792435124283656}","{'white': 99.96939301490784, 'black': 5.085572407637073e-07, 'latino hispanic': 0.0018762493709800765, 'asian': 0.00023839952518756036, 'indian': 1.4923686819656723e-05, 'middle eastern': 0.02849537122529}",,
14,20-29,female,white,16.970562748477143,56.90666666666667
14,"{'0-2': 5.74323109958641e-05, '3-9': 0.1341448863968253, '10-19': 12.296092510223389, '20-29': 82.64487981796265, '30-39': 4.830193892121315, '40-49': 0.09401517454534769, '50-59': 0.000619926004219451, '60-69': 6.495690740848659e-06, '70+': 5.216102216820673e-07}","{'male': 0.10548928985372186, 'female': 99.89451169967651}","{'white': 99.99522566795349, 'black': 3.8906375721126096e-05, 'latino hispanic': 0.002234983185189776, 'asian': 0.0009091751962841954, 'indian': 1.7914265981744393e-05, 'middle eastern': 0.0015787407392053865}",,
15,20-29,male,white,41.19465984809196,62.6797124600639
15,"{'0-2': 0.22841524332761765, '3-9': 11.096405982971191, '10-19': 30.92491328716278, '20-29': 32.353952527046204, '30-39': 13.315431773662567, '40-49': 8.432094752788544, '50-59': 2.6009993627667427, '60-69': 0.8246653713285923, '70+': 0.22312949877232313}","{'male': 89.59169387817383, 'female': 10.408303141593933}","{'white': 37.95963227748871, 'black': 4.879364371299744, 'latino hispanic': 20.11815309524536, 'asian': 14.801982045173645, 'indian': 5.414460599422455, 'middle eastern': 16.826404631137848}",,
16,20-29,female,white,18.027756377319946,55.782967032967036
16,"{'0-2': 0.0020208064597682096, '3-9': 0.2921296516433358, '10-19': 18.93295645713806, '20-29': 72.41505980491638, '30-39': 8.090885728597641, '40-49': 0.2590874210000038, '50-59': 0.007083926175255328, '60-69': 0.0007225504759844625, '70+': 4.857005819758342e-05}","{'male': 1.6205843538045883, 'female': 98.37941527366638}","{'white': 79.52331304550171, 'black': 0.0599526334553957, 'latino hispanic': 2.7236180379986763, 'asian': 9.888286888599396, 'indian': 0.19176611676812172, 'middle eastern': 7.613066583871841}",,
17,20-29,female,white,6.324555320336759,95.43091334894613
17,"{'0-2': 6.986698442013051e-08, '3-9': 0.00011832860309368698, '10-19': 1.127636805176735, '20-29': 78.54598760604858, '30-39': 20.21639049053192, '40-49': 0.10956570040434599, '50-59': 0.0002963019142043777, '60-69': 1.925240056266375e-06, '70+': 1.256182380338089e-08}","{'male': 4.991389914721367e-05, 'female': 99.99995231628418}","{'white': 91.27163290977478, 'black': 0.00961660043685697, 'latino hispanic': 7.935403287410736, 'asian': 0.011676233407342806, 'indian': 0.027701622457243502, 'middle eastern': 0.7439576089382172}",,
18,20-29,female,white,7.0710678118654755,90.48958333333333
18,"{'0-2': 0.006066378045943566, '3-9': 0.6384470034390688, '10-19': 24.648331105709076, '20-29': 41.67758524417877, '30-39': 18.035520613193512, '40-49': 12.078811973333359, '50-59': 2.5009848177433014, '60-69': 0.3993272315710783, '70+': 0.014912411279510707}","{'male': 45.50910294055939, 'female': 54.49090003967285}","{'white': 69.45686936378479, 'black': 0.0006660829058091622, 'latino hispanic': 0.2311146119609475, 'asian': 1.2513628229498863, 'indian': 0.03645202668849379, 'middle eastern': 29.023537039756775}",,
19,20-29,female,white,3.1622776601683795,81.93604148660329
19,"{'0-2': 0.0049098940507974476, '3-9': 0.03978949680458754, '10-19': 1.920090802013874, '20-29': 47.86735475063324, '30-39': 42.23790466785431, '40-49': 6.435856968164444, '50-59': 1.156611368060112, '60-69': 0.3083533374592662, '70+': 0.029128583264537156}","{'male': 15.35370796918869, 'female': 84.64629054069519}","{'white': 59.25010442733765, 'black': 1.5540435910224915, 'latino hispanic': 4.020477458834648, 'asian': 0.4207459744066, 'indian': 0.3995169419795275, 'middle eastern': 34.355103969573975}",,
20,20-29,female,white,34.132096331752024,50.98823529411764
20,"{'0-2': 1.6600548491396694e-06, '3-9': 0.0021742858734796755, '10-19': 2.8006872162222862, '20-29': 89.93743062019348, '30-39': 7.221243530511856, '40-49': 0.03833661612588912, '50-59': 0.00012227089882799191, '60-69': 9.990738902843077e-07, '70+': 1.1688155998612615e-08}","{'male': 0.002651046816026792, 'female': 99.9973475933075}","{'white': 99.80805516242981, 'black': 0.0006860347184556304, 'latino hispanic': 0.11052802437916398, 'asian': 0.0018611879568197764, 'indian': 0.0002644540018081898, 'middle eastern': 0.0786025368142873}",,
21,70+,female,latino hispanic,4.123105625617661,97.11703703703704
21,"{'0-2': 0.05736594321206212, '3-9': 1.5191013924777508, '10-19': 2.1552052348852158, '20-29': 2.9249779880046844, '30-39': 4.266885295510292, '40-49': 8.963656425476074, '50-59': 11.468064785003662, '60-69': 33.387067914009094, '70+': 35.25766730308533}","{'male': 9.689594805240631, 'female': 90.31040668487549}","{'white': 11.758745461702347, 'black': 5.040471255779266, 'latino hispanic': 34.19669568538666, 'asian': 31.642436981201172, 'indian': 15.927346050739288, 'middle eastern': 1.4343151822686195}",,
22,20-29,female,white,32.0624390837628,59.377162629757784
22,"{'0-2': 5.174926442919059e-06, '3-9': 0.0064346109866164625, '10-19': 3.052223287522793, '20-29': 83.59866142272949, '30-39': 13.11061680316925, '40-49': 0.23085263092070818, '50-59': 0.0011895385796378832, '60-69': 1.5935258090848947e-05, '70+': 3.8446534844638336e-07}","{'male': 0.006636030593654141, 'female': 99.99336004257202}","{'white': 93.95615458488464, 'black': 0.0007968883437570184, 'latino hispanic': 0.9176122955977917, 'asian': 0.0004457690465642372, 'indian': 0.005876647992408834, 'middle eastern': 5.119108408689499}",,
23,20-29,male,latino hispanic,2.23606797749979,81.85747663551402
23,"{'0-2': 0.0005120156401972054, '3-9': 0.09519877494312823, '10-19': 24.780048429965973, '20-29': 69.8754072189331, '30-39': 5.10263629257679, '40-49': 0.14413739554584026, '50-59': 0.0018910526705440134, '60-69': 0.00016033649217206403, '70+': 5.6498599576571e-06}","{'male': 99.97541904449463, 'female': 0.02457623486407101}","{'white': 3.0954211950302124, 'black': 12.651020288467407, 'latino hispanic': 72.58478999137878, 'asian': 0.9572844952344894, 'indian': 1.98744498193264, 'middle eastern': 8.724038302898407}",,
24,30-39,male,middle eastern,13.038404810405298,66.92045454545455
24,"{'0-2': 3.664539462988614e-05, '3-9': 0.0010411293260403909, '10-19': 0.11285175569355488, '20-29': 47.62255847454071, '30-39': 50.7659375667572, '40-49': 1.4883111231029034, '50-59': 0.008835820335661992, '60-69': 0.00040573854676040355, '70+': 2.8025277742926846e-05}","{'male': 99.93659853935242, 'female': 0.06340136751532555}","{'white': 6.9963239133358, 'black': 0.021782472322229296, 'latino hispanic': 0.7531140465289354, 'asian': 0.01414025027770549, 'indian': 0.462989741936326, 'middle eastern': 91.75165295600891}",,
25,20-29,female,white,1.0,93.40444444444445
25,"{'0-2': 0.0002134754140570294, '3-9': 0.024426961317658424, '10-19': 0.9323910810053349, '20-29': 66.18895530700684, '30-39': 31.232738494873047, '40-49': 1.5951484441757202, '50-59': 0.02575463440734893, '60-69': 0.0003459062099864241, '70+': 2.8420367925718892e-05}","{'male': 0.006557346932822838, 'female': 99.99343752861023}","{'white': 99.99915957450867, 'black': 2.865707671162454e-06, 'latino hispanic': 0.00034689596759562846, 'asian': 3.625345925684087e-05, 'indian': 5.646309730877874e-06, 'middle eastern': 0.00045447613956639543}",,
26,20-29,female,white,72.42237223399962,78.00837364911251
26,"{'0-2': 1.741450184056248e-06, '3-9': 0.0027952803066000342, '10-19': 2.8290534391999245, '20-29': 69.76385712623596, '30-39': 26.128387451171875, '40-49': 1.268206536769867, '50-59': 0.0076385629654396325, '60-69': 6.0579725413845154e-05, '70+': 8.309574361931027e-07}","{'male': 0.010420427861390635, 'female': 99.98958110809326}","{'white': 92.47303605079651, 'black': 0.0006769872925360687, 'latino hispanic': 5.369735136628151, 'asian': 0.0008823874850349966, 'indian': 0.33655271399766207, 'middle eastern': 1.8191250041127205}",,
27,20-29,male,latino hispanic,4.242640687119286,96.92407932011331
27,"{'0-2': 6.867959712053562e-06, '3-9': 0.00194329386431491, '10-19': 7.275555282831192, '20-29': 85.43787002563477, '30-39': 7.160518318414688, '40-49': 0.12352478224784136, '50-59': 0.0005696549123967998, '60-69': 8.823278818681501e-06, '70+': 8.168598575331032e-08}","{'male': 99.99995827674866, 'female': 4.417227330577589e-05}","{'white': 37.04293370246887, 'black': 0.02384333492955193, 'latino hispanic': 53.37080359458923, 'asian': 0.047598525998182595, 'indian': 2.7708135545253754, 'middle eastern': 6.744006276130676}",,
28,20-29,male,white,4.0,84.56468955948665
28,"{'0-2': 0.0001798540324671194, '3-9': 0.042589567601680756, '10-19': 19.23510730266571, '20-29': 69.25645470619202, '30-39': 10.505260527133942, '40-49': 0.9482352994382381, '50-59': 0.01192245545098558, '60-69': 0.0002524307092244271, '70+': 4.703710132503147e-06}","{'male': 99.95765089988708, 'female': 0.04234657681081444}","{'white': 98.11857342720032, 'black': 0.0008537816029274836, 'latino hispanic': 0.3084899624809623, 'asian': 0.0019112925656372681, 'indian': 0.003357434252393432, 'middle eastern': 1.5668196603655815}",,
29,20-29,female,latino hispanic,44.384682042344295,49.08444444444445
29,"{'0-2': 1.7450609846036969e-06, '3-9': 0.000866195114213042, '10-19': 1.2767648324370384, '20-29': 85.05663871765137, '30-39': 13.564901053905487, '40-49': 0.1005374826490879, '50-59': 0.0002945237383755739, '60-69': 1.8991515915445234e-06, '70+': 9.050676180732964e-09}","{'male': 0.003978668610216118, 'female': 99.996018409729}","{'white': 6.400645524263382, 'black': 1.0020982474088669, 'latino hispanic': 86.08540892601013, 'asian': 0.851507019251585, 'indian': 4.899602010846138, 'middle eastern': 0.7607387378811836}",,
30,20-29,male,latino hispanic,27.313000567495326,60.57916666666666
30,"{'0-2': 0.00016574343817410409, '3-9': 0.006774028588552028, '10-19': 4.5413099229335785, '20-29': 73.0852484703064, '30-39': 21.329402923583984, '40-49': 1.0201431810855865, '50-59': 0.016348481585737318, '60-69': 0.0005924229753873078, '70+': 9.861853556003553e-06}","{'male': 99.97249245643616, 'female': 0.027508792118169367}","{'white': 25.871247053146362, 'black': 0.0917548662982881, 'latino hispanic': 37.550222873687744, 'asian': 0.17273388803005219, 'indian': 1.498495228588581, 'middle eastern': 34.81554388999939}",,
31,20-29,female,white,30.675723300355937,55.60000000000001
31,"{'0-2': 0.00010590430292722885, '3-9': 0.16777906566858292, '10-19': 17.99997389316559, '20-29': 75.73530077934265, '30-39': 5.814548954367638, '40-49': 0.2789321122691035, '50-59': 0.003260827361373231, '60-69': 8.926861596592062e-05, '70+': 9.18027822649492e-06}","{'male': 0.0098667289421428, 'female': 99.99013543128967}","{'white': 99.96010661125183, 'black': 1.3297383816279762e-05, 'latino hispanic': 0.006312678306130692, 'asian': 0.0025796995032578707, 'indian': 4.372686248643731e-05, 'middle eastern': 0.03093494742643088}",,
32,40-49,female,white,24.020824298928627,51.40167364016737
32,"{'0-2': 0.002185648372687865, '3-9': 0.028994985041208565, '10-19': 0.46357368119060993, '20-29': 10.41894480586052, '30-39': 37.00634837150574, '40-49': 41.92030727863312, '50-59': 9.465686976909637, '60-69': 0.683263223618269, '70+': 0.010698606638470665}","{'male': 0.1274937647394836, 'female': 99.87249970436096}","{'white': 76.76475644111633, 'black': 0.002058867539744824, 'latino hispanic': 2.7493078261613846, 'asian': 0.04068392445333302, 'indian': 0.03737696970347315, 'middle eastern': 20.40582150220871}",,
33,20-29,female,indian,2.8284271247461903,90.09353741496598
33,"{'0-2': 0.002485668665030971, '3-9': 3.2286979258060455, '10-19': 45.64816653728485, '20-29': 46.41629159450531, '30-39': 4.443573206663132, '40-49': 0.2536358078941703, '50-59': 0.0065238928073085845, '60-69': 0.0005934511591476621, '70+': 2.4393992248405993e-05}","{'male': 39.03738856315613, 'female': 60.96261739730835}","{'white': 3.055698424577713, 'black': 10.77233999967575, 'latino hispanic': 29.99017834663391, 'asian': 0.2277265302836895, 'indian': 48.16441237926483, 'middle eastern': 7.789634168148041}",,
34,20-29,female,asian,7.280109889280519,85.76595744680851
34,"{'0-2': 0.0019938770492444746, '3-9': 0.13418443268164992, '10-19': 2.4018563330173492, '20-29': 86.27805709838867, '30-39': 10.730268061161041, '40-49': 0.44497353956103325, '50-59': 0.008147244807332754, '60-69': 0.0004948309197061462, '70+': 1.5366690320206544e-05}","{'male': 0.4334196913987398, 'female': 99.56658482551575}","{'white': 3.4092653542757034, 'black': 0.004992921094526537, 'latino hispanic': 1.439423393458128, 'asian': 95.03642916679382, 'indian': 0.004392398477648385, 'middle eastern': 0.10548920836299658}",,
35,20-29,female,asian,37.36308338453881,33.645833333333336
35,"{'0-2': 0.0007248090241773752, '3-9': 0.09567606612108648, '10-19': 5.3308360278606415, '20-29': 84.39436554908752, '30-39': 9.773920476436615, '40-49': 0.3926060628145933, '50-59': 0.010959737846860662, '60-69': 0.0008590050128987059, '70+': 5.188808813727519e-05}","{'male': 3.175244480371475, 'female': 96.82475328445435}","{'white': 36.06842756271362, 'black': 0.42227935045957565, 'latino hispanic': 13.955038785934448, 'asian': 45.90654671192169, 'indian': 0.6051651667803526, 'middle eastern': 3.0425406992435455}",,
36,20-29,female,asian,16.0312195418814,85.75874999999999
36,"{'0-2': 0.00021358935100579401, '3-9': 0.08256444125436246, '10-19': 7.148268073797226, '20-29': 90.13003706932068, '30-39': 2.61736698448658, '40-49': 0.021403495338745415, '50-59': 0.00012841510397265665, '60-69': 8.588954614197064e-06, '70+': 2.4044777280352037e-07}","{'male': 0.004686111060436815, 'female': 99.99531507492065}","{'white': 0.3982068505138159, 'black': 0.000864140110934386, 'latino hispanic': 0.5314651411026716, 'asian': 99.01857376098633, 'indian': 0.015584085485897958, 'middle eastern': 0.035310559906065464}",,
37,20-29,female,asian,19.849433241279208,52.08904109589041
37,"{'0-2': 0.0018036946130450815, '3-9': 0.30174399726092815, '10-19': 12.968666851520538, '20-29': 74.96330738067627, '30-39': 11.264599859714508, '40-49': 0.48064226284623146, '50-59': 0.01744270557537675, '60-69': 0.0016873254935489967, '70+': 0.00010392482181487139}","{'male': 10.140767693519592, 'female': 89.85922932624817}","{'white': 8.076367527246475, 'black': 0.09225841495208442, 'latino hispanic': 4.425336048007011, 'asian': 86.34863495826721, 'indian': 0.44104140251874924, 'middle eastern': 0.6163645535707474}",,
38,20-29,male,white,5.385164807134505,84.34142176047818
38,"{'0-2': 0.15900077996775508, '3-9': 1.2540717609226704, '10-19': 3.067840449512005, '20-29': 61.572712659835815, '30-39': 24.400390684604645, '40-49': 6.744596362113953, '50-59': 1.1348911561071873, '60-69': 0.8386814035475254, '70+': 0.8278146386146545}","{'male': 59.36010479927063, 'female': 40.63989222049713}","{'white': 65.22466540336609, 'black': 1.3305692933499813, 'latino hispanic': 8.151386678218842, 'asian': 6.189713627099991, 'indian': 1.1025755666196346, 'middle eastern': 18.001089990139008}",,
39,20-29,male,white,90.27181176868005,41.95157545605307
39,"{'0-2': 0.09509010124020278, '3-9': 1.6974257305264473, '10-19': 7.60144367814064, '20-29': 47.429195046424866, '30-39': 27.324578166007996, '40-49': 10.692884773015976, '50-59': 2.633831277489662, '60-69': 1.6567181795835495, '70+': 0.8688321337103844}","{'male': 74.09863471984863, 'female': 25.90136229991913}","{'white': 34.160229563713074, 'black': 6.517253071069717, 'latino hispanic': 18.750132620334625, 'asian': 11.866776645183563, 'indian': 1.891271024942398, 'middle eastern': 26.814335584640503}",,
40,70+,male,white,19.0,72.28971962616822
40,"{'0-2': 0.01898155314847827, '3-9': 0.03264379920437932, '10-19': 0.011134194937767461, '20-29': 0.017249143274966627, '30-39': 0.02327035035705194, '40-49': 0.07179799722507596, '50-59': 1.0025138966739178, '60-69': 17.387734353542328, '70+': 81.43467903137207}","{'male': 63.653165102005005, 'female': 36.346831917762756}","{'white': 47.76566922664642, 'black': 1.6293780878186226, 'latino hispanic': 7.320740818977356, 'asian': 24.28312450647354, 'indian': 1.2698984704911709, 'middle eastern': 17.7311971783638}",,
41,50-59,male,asian,3.1622776601683795,33.58024691358025
41,"{'0-2': 0.00019484177755657583, '3-9': 0.00024111611764965346, '10-19': 0.017603427113499492, '20-29': 0.2118811709806323, '30-39': 3.668646886944771, '40-49': 33.80332887172699, '50-59': 55.29165863990784, '60-69': 6.960950046777725, '70+': 0.045497031533159316}","{'male': 99.96039271354675, 'female': 0.03960869216825813}","{'white': 5.273232236504555, 'black': 0.009258201316697523, 'latino hispanic': 1.5941362828016281, 'asian': 92.86208152770996, 'indian': 0.0817003077827394, 'middle eastern': 0.17959896940737963}",,
42,20-29,female,white,2.23606797749979,62.55991926667227
42,"{'0-2': 0.0001714486074888555, '3-9': 0.014871633902657777, '10-19': 1.0141167789697647, '20-29': 46.73016667366028, '30-39': 42.61098504066467, '40-49': 8.553911745548248, '50-59': 1.0097463615238667, '60-69': 0.06436859257519245, '70+': 0.0016565043551963754}","{'male': 0.06335338694043458, 'female': 99.93664026260376}","{'white': 70.60621380805969, 'black': 0.0031534302252111956, 'latino hispanic': 1.7991626635193825, 'asian': 0.09060148149728775, 'indian': 0.04385256324894726, 'middle eastern': 27.457016706466675}",,
43,20-29,male,white,9.0,76.29145408163265
43,"{'0-2': 1.7415344188975723e-05, '3-9': 0.002995584327436518, '10-19': 4.402355849742889, '20-29': 80.57276606559753, '30-39': 14.686481654644012, '40-49': 0.33329178113490343, '50-59': 0.0020470977688091807, '60-69': 4.4156752210255945e-05, '70+': 1.2783639036229033e-06}","{'male': 99.99727010726929, 'female': 0.002732490793277975}","{'white': 86.35271787643433, 'black': 0.013008006499148905, 'latino hispanic': 5.325478687882423, 'asian': 0.06588384858332574, 'indian': 0.07482159417122602, 'middle eastern': 8.168084174394608}",,
44,30-39,male,middle eastern,9.055385138137417,66.85714285714286
44,"{'0-2': 0.004433049616636708, '3-9': 0.12823051074519753, '10-19': 3.989740088582039, '20-29': 20.557385683059692, '30-39': 47.33383357524872, '40-49': 26.634269952774048, '50-59': 1.3045292347669601, '60-69': 0.04685923631768674, '70+': 0.0007219094186439179}","{'male': 99.99608993530273, 'female': 0.003909798033419065}","{'white': 5.760651454329491, 'black': 0.0036305562389316037, 'latino hispanic': 3.739052638411522, 'asian': 0.4348568618297577, 'indian': 0.5476490128785372, 'middle eastern': 89.51416015625}",,
45,20-29,male,white,3.1622776601683795,57.4390243902439
45,"{'0-2': 1.7666827887296677, '3-9': 14.854410290718079, '10-19': 12.366989254951477, '20-29': 33.887991309165955, '30-39': 22.03231453895569, '40-49': 9.760087728500366, '50-59': 2.945183776319027, '60-69': 1.524865534156561, '70+': 0.8614757098257542}","{'male': 72.9157030582428, 'female': 27.084293961524963}","{'white': 29.31252121925354, 'black': 23.56126606464386, 'latino hispanic': 22.05800861120224, 'asian': 12.089608609676361, 'indian': 0.7981342263519764, 'middle eastern': 12.18046173453331}",,
46,30-39,male,white,31.04834939252005,39.666666666666664
46,"{'0-2': 0.000679955610394245, '3-9': 0.0028277552701183595, '10-19': 0.35740367602556944, '20-29': 39.14943337440491, '30-39': 52.573513984680176, '40-49': 7.428115606307983, '50-59': 0.47331363894045353, '60-69': 0.01448317343601957, '70+': 0.0002250361603728379}","{'male': 99.99701380729675, 'female': 0.002987292464240454}","{'white': 53.380852937698364, 'black': 0.061530753737315536, 'latino hispanic': 16.164949536323547, 'asian': 4.9424272030591965, 'indian': 0.7674960885196924, 'middle eastern': 24.682731926441193}",,
47,50-59,male,white,20.0,49.546451612903226
47,"{'0-2': 0.017752622079569846, '3-9': 0.044094782788306475, '10-19': 0.23512726183980703, '20-29': 0.9291980415582657, '30-39': 5.701470747590065, '40-49': 26.312267780303955, '50-59': 55.30856251716614, '60-69': 10.73249727487564, '70+': 0.7190316915512085}","{'male': 99.9176561832428, 'female': 0.08234934066422284}","{'white': 98.62985014915466, 'black': 0.059367227368056774, 'latino hispanic': 0.9247974492609501, 'asian': 0.06257714121602476, 'indian': 0.016121106455102563, 'middle eastern': 0.3072865540161729}",,
48,20-29,female,white,36.235341863986875,63.39666666666667
48,"{'0-2': 0.01326025667367503, '3-9': 0.591592863202095, '10-19': 8.081777393817902, '20-29': 71.17876410484314, '30-39': 16.307803988456726, '40-49': 3.4358426928520203, '50-59': 0.30196483712643385, '60-69': 0.06614824524149299, '70+': 0.02284743095515296}","{'male': 42.6904171705246, 'female': 57.309579849243164}","{'white': 68.89927387237549, 'black': 0.12037804117426276, 'latino hispanic': 15.517133474349976, 'asian': 7.205311954021454, 'indian': 1.1020655743777752, 'middle eastern': 7.1558356285095215}",,
49,20-29,male,black,88.0056816347672,41.49930747922438
49,"{'0-2': 3.7399297525553266e-05, '3-9': 0.0022923069991520606, '10-19': 0.3613701555877924, '20-29': 49.30310547351837, '30-39': 46.228229999542236, '40-49': 4.075545072555542, '50-59': 0.029242312302812934, '60-69': 0.0001727000494611275, '70+': 7.622615783020592e-06}","{'male': 99.99167919158936, 'female': 0.008318077743751928}","{'white': 2.2149841072405252e-05, 'black': 99.9976396560669, 'latino hispanic': 0.0006775150268367724, 'asian': 2.9786118460606303e-06, 'indian': 0.0016234977010753937, 'middle eastern': 3.692074983518978e-05}",,
50,30-39,male,white,22.472205054244228,56.777777777777786
50,"{'0-2': 2.775082350581215e-05, '3-9': 0.00045910132939752657, '10-19': 0.30347523279488087, '20-29': 44.823187589645386, '30-39': 47.03350365161896, '40-49': 7.387731969356537, '50-59': 0.4437892697751522, '60-69': 0.007666974124731496, '70+': 0.00015584366792609217}","{'male': 99.99899864196777, 'female': 0.0010004852811107412}","{'white': 98.70264530181885, 'black': 0.005721919296775013, 'latino hispanic': 0.13556259218603373, 'asian': 0.006268062861636281, 'indian': 0.007981769886100665, 'middle eastern': 1.141821127384901}",,
51,30-39,female,white,25.709920264364882,78.94444444444444
51,"{'0-2': 0.006716799543937668, '3-9': 0.04341425374150276, '10-19': 0.4303455352783203, '20-29': 22.863683104515076, '30-39': 36.05450987815857, '40-49': 32.81947374343872, '50-59': 5.23507222533226, '60-69': 2.032637782394886, '70+': 0.514153391122818}","{'male': 19.410011172294617, 'female': 80.58998584747314}","{'white': 52.866071462631226, 'black': 2.6521822437644005, 'latino hispanic': 25.07566213607788, 'asian': 14.637118577957153, 'indian': 1.8473254516720772, 'middle eastern': 2.9216451570391655}",,
52,20-29,female,white,63.387695966961914,29.04761904761905
52,"{'0-2': 9.561362190879663e-06, '3-9': 0.007775228732498363, '10-19': 3.266356885433197, '20-29': 84.02132987976074, '30-39': 12.357433140277863, '40-49': 0.3451021621003747, '50-59': 0.0019516557586030103, '60-69': 4.188607931610022e-05, '70+': 1.523021175842132e-06}","{'male': 0.07374624256044626, 'female': 99.92625117301941}","{'white': 97.24950790405273, 'black': 0.0007877395546529442, 'latino hispanic': 0.5986470263451338, 'asian': 0.001578965202497784, 'indian': 0.040410656947642565, 'middle eastern': 2.10905559360981}",,
53,20-29,female,latino hispanic,20.808652046684813,69.34039683442482
53,"{'0-2': 9.273163215084423e-06, '3-9': 0.016341867740266025, '10-19': 9.535881131887436, '20-29': 84.3060314655304, '30-39': 6.112940236926079, '40-49': 0.028659903910011053, '50-59': 0.00013315470823727082, '60-69': 1.986961706279544e-06, '70+': 4.7079279363870796e-08}","{'male': 0.03121236222796142, 'female': 99.9687910079956}","{'white': 4.731371998786926, 'black': 10.879524797201157, 'latino hispanic': 65.62015414237976, 'asian': 5.456500872969627, 'indian': 10.483041405677795, 'middle eastern': 2.829410508275032}",,
54,10-19,female,white,27.018512172212592,79.4217762913415
54,"{'0-2': 0.002353249328734819, '3-9': 3.400498256087303, '10-19': 65.71992635726929, '20-29': 27.61634886264801, '30-39': 3.0064737424254417, '40-49': 0.2503445837646723, '50-59': 0.0037555601011263207, '60-69': 0.00024347939415747533, '70+': 5.116681336403417e-05}","{'male': 8.788852393627167, 'female': 91.21114611625671}","{'white': 99.97901916503906, 'black': 4.900702421650749e-06, 'latino hispanic': 0.0064113053667824715, 'asian': 0.0004459508545551216, 'indian': 0.00015186101336439606, 'middle eastern': 0.013956661859992892}",,
55,20-29,female,white,60.01666435249463,42.12728937728938
55,"{'0-2': 0.003112438935204409, '3-9': 0.09766247821971774, '10-19': 1.1451204307377338, '20-29': 49.13091063499451, '30-39': 37.8101110458374, '40-49': 10.241225361824036, '50-59': 1.454838365316391, '60-69': 0.10662901913747191, '70+': 0.010394504352007061}","{'male': 0.13754012761637568, 'female': 99.86245632171631}","{'white': 97.30618000030518, 'black': 0.002003121335292235, 'latino hispanic': 0.47160894609987736, 'asian': 0.04995951312594116, 'indian': 0.014707726950291544, 'middle eastern': 2.155533991754055}",,
56,20-29,female,white,15.132745950421555,77.82248520710058
56,"{'0-2': 1.4016714878380299, '3-9': 4.882411286234856, '10-19': 7.983206212520599, '20-29': 51.954686641693115, '30-39': 22.116458415985107, '40-49': 8.573570102453232, '50-59': 1.7549889162182808, '60-69': 0.8649969473481178, '70+': 0.4680125508457422}","{'male': 31.110462546348572, 'female': 68.88953447341919}","{'white': 52.65187621116638, 'black': 1.7015215009450912, 'latino hispanic': 13.93761932849884, 'asian': 14.86763209104538, 'indian': 0.5557295400649309, 'middle eastern': 16.28563106060028}",,
57,20-29,female,white,13.892443989449806,81.98814814814814
57,"{'0-2': 7.57171889631536e-06, '3-9': 0.003044977165700402, '10-19': 2.044105716049671, '20-29': 82.02010989189148, '30-39': 15.624697506427765, '40-49': 0.3045236226171255, '50-59': 0.0034513821447035298, '60-69': 6.0247293731663376e-05, '70+': 8.991368538602273e-07}","{'male': 0.020669653895311058, 'female': 99.97933506965637}","{'white': 98.17861318588257, 'black': 0.005025849895901047, 'latino hispanic': 0.8298343978822231, 'asian': 0.006828513141954318, 'indian': 0.009048308857018128, 'middle eastern': 0.9706507436931133}",,
58,20-29,female,latino hispanic,100.12492197250393,36.86491935483871
58,"{'0-2': 7.878073660094742e-06, '3-9': 0.01181005864054896, '10-19': 6.251167505979538, '20-29': 66.3996696472168, '30-39': 26.113012433052063, '40-49': 1.2133062817156315, '50-59': 0.010852174455067143, '60-69': 0.00017770731801647344, '70+': 3.628767686336687e-06}","{'male': 0.0036366433050716296, 'female': 99.9963641166687}","{'white': 13.070817291736603, 'black': 1.917087659239769, 'latino hispanic': 77.72886753082275, 'asian': 4.921653121709824, 'indian': 1.9358852878212929, 'middle eastern': 0.42569125071167946}",,
59,40-49,male,white,30.610455730027933,73.88625
59,"{'0-2': 0.13143246760591865, '3-9': 0.5679453257471323, '10-19': 1.2951424345374107, '20-29': 4.961138218641281, '30-39': 18.02162677049637, '40-49': 34.53293740749359, '50-59': 23.428207635879517, '60-69': 10.875093191862106, '70+': 6.186475977301598}","{'male': 65.68800806999207, 'female': 34.311988949775696}","{'white': 40.510326623916626, 'black': 9.119179099798203, 'latino hispanic': 27.41883099079132, 'asian': 0.8407709188759327, 'indian': 6.38989582657814, 'middle eastern': 15.720994770526886}",,
60,20-29,female,white,5.0,93.33333333333333
60,"{'0-2': 1.0131142147429273e-06, '3-9': 0.0008421699931204785, '10-19': 0.4307991359382868, '20-29': 71.57685160636902, '30-39': 27.32681930065155, '40-49': 0.6516916677355766, '50-59': 0.012890338257420808, '60-69': 0.00010567787285253871, '70+': 2.668505949543487e-06}","{'male': 0.0016929934645304456, 'female': 99.99830722808838}","{'white': 99.91304874420166, 'black': 0.00022694787276122952, 'latino hispanic': 0.04197397211100906, 'asian': 0.000109546351723111, 'indian': 0.010520120122237131, 'middle eastern': 0.03412225341890007}",,
61,30-39,male,middle eastern,1.4142135623730951,96.68444444444444
61,"{'0-2': 0.028973972075618804, '3-9': 0.16340778674930334, '10-19': 1.7197782173752785, '20-29': 20.069320499897003, '30-39': 58.162856101989746, '40-49': 19.198419153690338, '50-59': 0.6396129727363586, '60-69': 0.01721791923046112, '70+': 0.00042738365664263256}","{'male': 99.74780082702637, 'female': 0.25219947565346956}","{'white': 1.3611064292490482, 'black': 0.02213344705523923, 'latino hispanic': 4.694339632987976, 'asian': 0.006839485286036506, 'indian': 12.467901408672333, 'middle eastern': 81.44768476486206}",,
62,50-59,female,white,43.139309220245984,60.365236523652364
62,"{'0-2': 0.00025892984467645874, '3-9': 0.002208775003964547, '10-19': 0.07769788498990238, '20-29': 3.4652184695005417, '30-39': 11.692159622907639, '40-49': 34.72631573677063, '50-59': 45.42346000671387, '60-69': 4.144874215126038, '70+': 0.4678011406213045}","{'male': 13.13411295413971, 'female': 86.86588406562805}","{'white': 99.97133016586304, 'black': 8.887093372322852e-06, 'latino hispanic': 0.003818436016445048, 'asian': 9.39222104534565e-05, 'indian': 6.820517910455237e-05, 'middle eastern': 0.024694655439816415}",,
63,20-29,female,white,1.0,98.9609375
63,"{'0-2': 4.01801472094121e-06, '3-9': 0.021124085469637066, '10-19': 16.733533143997192, '20-29': 80.6898295879364, '30-39': 2.5324277579784393, '40-49': 0.023039938241709024, '50-59': 3.944530817534542e-05, '60-69': 1.0321929089229798e-06, '70+': 7.011879410434574e-08}","{'male': 0.18858370603993535, 'female': 99.81141090393066}","{'white': 99.51955676078796, 'black': 0.00027801015676232055, 'latino hispanic': 0.10031841229647398, 'asian': 0.004250817437423393, 'indian': 0.003835753886960447, 'middle eastern': 0.37176909390836954}",,
64,20-29,female,white,119.64113005150028,33.739999999999995
64,"{'0-2': 5.917685896861258e-06, '3-9': 0.0013093537745589856, '10-19': 1.5308769419789314, '20-29': 79.56260442733765, '30-39': 18.511879444122314, '40-49': 0.3887366969138384, '50-59': 0.004535387415671721, '60-69': 5.1148020929758786e-05, '70+': 7.691572712076322e-07}","{'male': 0.003989557808381505, 'female': 99.99601244926453}","{'white': 94.72091794013977, 'black': 0.015477430133614689, 'latino hispanic': 2.329838275909424, 'asian': 0.0004445758349902462, 'indian': 0.10327979689463973, 'middle eastern': 2.830050140619278}",,
65,40-49,male,white,6.4031242374328485,40.333701047986764
65,"{'0-2': 0.0005593588866759092, '3-9': 0.0051392842578934506, '10-19': 0.45270086266100407, '20-29': 10.764180123806, '30-39': 29.488861560821533, '40-49': 42.443570494651794, '50-59': 15.290108323097229, '60-69': 1.4874406158924103, '70+': 0.06744052516296506}","{'male': 99.71106052398682, 'female': 0.28893945273011923}","{'white': 97.2585380077362, 'black': 0.00071382323767466, 'latino hispanic': 0.036775978514924645, 'asian': 0.0005942156349192373, 'indian': 0.0016593119653407484, 'middle eastern': 2.7017133310437202}",,
66,20-29,female,white,15.652475842498529,81.03375
66,"{'0-2': 0.0003375834239705, '3-9': 0.1152717275545001, '10-19': 6.69211819767952, '20-29': 53.785234689712524, '30-39': 26.893144845962524, '40-49': 11.889909207820892, '50-59': 0.6136300973594189, '60-69': 0.009895824769046158, '70+': 0.0004568026270135306}","{'male': 0.008450690802419558, 'female': 99.99155402183533}","{'white': 99.98640418052673, 'black': 1.1244533482113184e-05, 'latino hispanic': 0.003737510633072816, 'asian': 0.0014535522495862097, 'indian': 1.3800523390727903e-05, 'middle eastern': 0.008380724466405809}",,
67,20-29,female,white,4.242640687119286,91.35593220338983
67,"{'0-2': 0.0001587594965712924, '3-9': 0.15631020069122314, '10-19': 9.145131707191467, '20-29': 77.77348160743713, '30-39': 12.31314241886139, '40-49': 0.6001946981996298, '50-59': 0.011094455112470314, '60-69': 0.0004834323590330314, '70+': 1.2048809594489285e-05}","{'male': 0.004178627568762749, 'female': 99.99582767486572}","{'white': 83.11921954154968, 'black': 0.06340674008242786, 'latino hispanic': 13.336670398712158, 'asian': 0.26004354003816843, 'indian': 0.005075321678305045, 'middle eastern': 3.2155852764844894}",,
68,20-29,male,asian,31.240998703626623,30.745305164319248
68,"{'0-2': 0.0019266723029431887, '3-9': 1.0287323035299778, '10-19': 29.849210381507874, '20-29': 62.938302755355835, '30-39': 5.997059866786003, '40-49': 0.18069545039907098, '50-59': 0.003632748848758638, '60-69': 0.0003808881956501864, '70+': 5.217896728026972e-05}","{'male': 82.31539130210876, 'female': 17.684610188007355}","{'white': 0.21236382890492678, 'black': 24.524377286434174, 'latino hispanic': 0.9235767647624016, 'asian': 74.05152916908264, 'indian': 0.0823435839265585, 'middle eastern': 0.2058143261820078}",,
69,3-9,female,white,1.0,68.8142523364486
69,"{'0-2': 5.021649599075317, '3-9': 21.365050971508026, '10-19': 6.335233151912689, '20-29': 13.839340209960938, '30-39': 20.28319537639618, '40-49': 20.728270709514618, '50-59': 10.114642232656479, '60-69': 2.030698210000992, '70+': 0.28191576711833477}","{'male': 42.10399389266968, 'female': 57.896000146865845}","{'white': 99.17235970497131, 'black': 0.000677696925777127, 'latino hispanic': 0.020248939108569175, 'asian': 0.01212829738506116, 'indian': 0.002309569754288532, 'middle eastern': 0.7922790944576263}",,
70,20-29,female,white,1.0,90.2241594022416
70,"{'0-2': 0.3245679894462228, '3-9': 1.972336508333683, '10-19': 4.927157238125801, '20-29': 45.444077253341675, '30-39': 28.330323100090027, '40-49': 11.760608106851578, '50-59': 2.8983645141124725, '60-69': 2.335936576128006, '70+': 2.0066309720277786}","{'male': 46.520429849624634, 'female': 53.479570150375366}","{'white': 64.79408144950867, 'black': 5.522995814681053, 'latino hispanic': 9.819286316633224, 'asian': 2.1379346027970314, 'indian': 4.112466052174568, 'middle eastern': 13.613225519657135}",,
71,20-29,female,white,2.8284271247461903,90.8274647887324
71,"{'0-2': 0.00010744649898697389, '3-9': 0.019396601419430226, '10-19': 3.8291841745376587, '20-29': 84.8660945892334, '30-39': 11.04939728975296, '40-49': 0.23187827318906784, '50-59': 0.0037726138543803245, '60-69': 0.0001535877117930795, '70+': 4.315236523666499e-06}","{'male': 0.024299863434862345, 'female': 99.97569918632507}","{'white': 92.44284629821777, 'black': 0.006145940278656781, 'latino hispanic': 1.8411699682474136, 'asian': 0.03497417492326349, 'indian': 0.026337048620916903, 'middle eastern': 5.648519471287727}",,
72,20-29,male,white,34.713109915419565,61.979166666666664
72,"{'0-2': 1.641770452260971, '3-9': 9.748129546642303, '10-19': 6.19160383939743, '20-29': 37.85112500190735, '30-39': 27.82898247241974, '40-49': 11.074219644069672, '50-59': 2.571902610361576, '60-69': 1.634923741221428, '70+': 1.4573407359421253}","{'male': 54.014986753463745, 'female': 45.985016226768494}","{'white': 38.94776999950409, 'black': 8.408450335264206, 'latino hispanic': 14.845071732997894, 'asian': 3.365710750222206, 'indian': 4.937560483813286, 'middle eastern': 29.495427012443542}",,
73,20-29,female,white,24.186773244895647,63.92
73,"{'0-2': 0.04974889452569187, '3-9': 0.385511782951653, '10-19': 2.742002345621586, '20-29': 31.118789315223694, '30-39': 30.87334632873535, '40-49': 24.152879416942596, '50-59': 7.178407907485962, '60-69': 2.7362175285816193, '70+': 0.7630917709320784}","{'male': 10.16598492860794, 'female': 89.83401656150818}","{'white': 35.29854118824005, 'black': 1.6685759648680687, 'latino hispanic': 21.82222604751587, 'asian': 17.261841893196106, 'indian': 0.5863342899829149, 'middle eastern': 23.362484574317932}",,
74,20-29,female,white,18.027756377319946,72.52
74,"{'0-2': 0.00017859714489532053, '3-9': 0.032267876667901874, '10-19': 4.172059148550034, '20-29': 85.11857390403748, '30-39': 10.065877437591553, '40-49': 0.5879737436771393, '50-59': 0.0217525870539248, '60-69': 0.0012525545571406838, '70+': 5.590291038970463e-05}","{'male': 0.058915402041748166, 'female': 99.94108080863953}","{'white': 65.32673239707947, 'black': 0.22528688423335552, 'latino hispanic': 13.303984701633453, 'asian': 1.2404569424688816, 'indian': 2.7475031092762947, 'middle eastern': 17.156033217906952}",,
75,20-29,female,white,2.23606797749979,96.55671296296296
75,"{'0-2': 7.009442803962429e-07, '3-9': 9.591259413355147e-05, '10-19': 0.21044891327619553, '20-29': 53.34617495536804, '30-39': 45.055460929870605, '40-49': 1.3737736269831657, '50-59': 0.01391604746459052, '60-69': 0.00013042096043136553, '70+': 1.0836195052377207e-06}","{'male': 0.04949921276420355, 'female': 99.95050430297852}","{'white': 98.57789874076843, 'black': 8.161539994944178e-05, 'latino hispanic': 0.11641922174021602, 'asian': 0.00014839736195426667, 'indian': 0.0007085175639076624, 'middle eastern': 1.304739061743021}",,
76,20-29,female,black,19.313207915827967,57.48031496062992
76,"{'0-2': 6.561101173474526e-06, '3-9': 0.001977134888875298, '10-19': 1.6752282157540321, '20-29': 84.665048122406, '30-39': 13.396286964416504, '40-49': 0.2579699968919158, '50-59': 0.0034488883102312684, '60-69': 3.502673848743143e-05, '70+': 3.034965168069448e-07}","{'male': 0.001741474807204213, 'female': 99.99825954437256}","{'white': 0.01785586791811511, 'black': 98.06787967681885, 'latino hispanic': 1.6308648511767387, 'asian': 0.029491769964806736, 'indian': 0.2532017417252064, 'middle eastern': 0.0007141951755329501}",,
77,20-29,female,white,31.304951684997057,57.536945812807886
77,"{'0-2': 0.00032964785532385577, '3-9': 0.1486381283029914, '10-19': 7.870161533355713, '20-29': 57.81031847000122, '30-39': 31.296703219413757, '40-49': 2.768552675843239, '50-59': 0.10237284004688263, '60-69': 0.0028217296858201735, '70+': 0.00010174888984693098}","{'male': 0.2604373963549733, 'female': 99.73956346511841}","{'white': 99.00000095367432, 'black': 0.0015856683603487909, 'latino hispanic': 0.21832103375345469, 'asian': 0.00170134717336623, 'indian': 0.0047684872697573155, 'middle eastern': 0.773621816188097}",,
78,20-29,female,white,120.26637102698328,32.6
78,"{'0-2': 1.0214068701941414e-06, '3-9': 0.000612390203968971, '10-19': 0.37080079782754183, '20-29': 67.05355048179626, '30-39': 31.525585055351257, '40-49': 1.0359161533415318, '50-59': 0.013429323735181242, '60-69': 0.00011302763596177101, '70+': 1.989962683524027e-06}","{'male': 0.0026916472052107565, 'female': 99.99730587005615}","{'white': 99.94059801101685, 'black': 7.245387223520083e-05, 'latino hispanic': 0.004838994573219679, 'asian': 6.981359490509931e-06, 'indian': 0.00011654312856990146, 'middle eastern': 0.05436380160972476}",,
79,20-29,female,white,12.041594578792294,93.62166666666667
79,"{'0-2': 2.1462344079736795e-05, '3-9': 0.002689988468773663, '10-19': 1.4651590958237648, '20-29': 77.76698470115662, '30-39': 20.389404892921448, '40-49': 0.37332980427891016, '50-59': 0.002386133564868942, '60-69': 2.115427690796423e-05, '70+': 1.8827011061262056e-07}","{'male': 0.009486838825978339, 'female': 99.99051094055176}","{'white': 64.11327719688416, 'black': 0.48323567025363445, 'latino hispanic': 34.724852442741394, 'asian': 0.10916981846094131, 'indian': 0.09856700198724866, 'middle eastern': 0.4709023982286453}",,
80,20-29,male,middle eastern,5.8309518948453,92.94166666666666
80,"{'0-2': 0.00016808360214781715, '3-9': 0.022114334569778293, '10-19': 15.46221673488617, '20-29': 75.70167779922485, '30-39': 8.454523235559464, '40-49': 0.3527164924889803, '50-59': 0.006417295662686229, '60-69': 0.0001579647005200968, '70+': 3.5580075774532816e-06}","{'male': 99.89235401153564, 'female': 0.10764555772766471}","{'white': 41.05493128299713, 'black': 0.014900525275152177, 'latino hispanic': 7.374949008226395, 'asian': 0.09243017993867397, 'indian': 0.03217806515749544, 'middle eastern': 51.430606842041016}",,
81,30-39,male,white,195.7396229688818,30.82843137254902
81,"{'0-2': 0.00036025551253260346, '3-9': 0.004483157317736186, '10-19': 0.3258045297116041, '20-29': 14.131313562393188, '30-39': 63.273829221725464, '40-49': 21.414147317409515, '50-59': 0.8448353037238121, '60-69': 0.005166836126591079, '70+': 5.506103661900852e-05}","{'male': 99.99958276748657, 'female': 0.0004156654995313147}","{'white': 38.92141878604889, 'black': 0.14675012789666653, 'latino hispanic': 30.195295810699463, 'asian': 0.1288113882765174, 'indian': 3.284478560090065, 'middle eastern': 27.323248982429504}",,
82,20-29,female,white,9.848857801796104,64.36607429857189
82,"{'0-2': 2.993959640207322e-05, '3-9': 0.012928333308082074, '10-19': 2.4083485826849937, '20-29': 80.19970059394836, '30-39': 16.36153757572174, '40-49': 1.0039214976131916, '50-59': 0.012885853357147425, '60-69': 0.0006261535872909008, '70+': 2.6328180524615163e-05}","{'male': 8.318155551023665e-05, 'female': 99.99991655349731}","{'white': 80.71170449256897, 'black': 0.0014382818335434422, 'latino hispanic': 0.5971697624772787, 'asian': 18.13262552022934, 'indian': 0.01645316806389019, 'middle eastern': 0.540611008182168}",,
83,20-29,female,white,20.024984394500787,80.234375
83,"{'0-2': 1.988587996493152e-05, '3-9': 0.005193923425395042, '10-19': 0.6931559182703495, '20-29': 57.29755163192749, '30-39': 39.02994990348816, '40-49': 2.897661365568638, '50-59': 0.0754938053432852, '60-69': 0.0009639795280236285, '70+': 1.601642054538388e-05}","{'male': 0.001167397294921102, 'female': 99.99882578849792}","{'white': 99.91514682769775, 'black': 8.598035350360078e-06, 'latino hispanic': 0.034220717498101294, 'asian': 0.00012428762374838698, 'indian': 0.00015424081993842265, 'middle eastern': 0.050332373939454556}",,
84,40-49,male,middle eastern,5.099019513592785,82.66272189349112
84,"{'0-2': 0.0063995219534263015, '3-9': 0.01599518145667389, '10-19': 0.46884333714842796, '20-29': 8.506610244512558, '30-39': 24.810273945331573, '40-49': 32.40479230880737, '50-59': 22.29110598564148, '60-69': 9.929099678993225, '70+': 1.5668705105781555}","{'male': 91.31629467010498, 'female': 8.683706820011139}","{'white': 30.564701557159424, 'black': 0.08454384515061975, 'latino hispanic': 2.0059859380126, 'asian': 0.8520957082509995, 'indian': 0.2901910338550806, 'middle eastern': 66.20247960090637}",,
85,20-29,female,asian,53.851648071345046,36.16216216216216
85,"{'0-2': 1.0028833230535383e-05, '3-9': 0.009851542563410476, '10-19': 5.762928351759911, '20-29': 89.2003059387207, '30-39': 4.977672919631004, '40-49': 0.04890915588475764, '50-59': 0.0003031768756045494, '60-69': 1.114689425207871e-05, '70+': 1.1584062598046785e-07}","{'male': 0.006655477045569569, 'female': 99.99334216117859}","{'white': 0.08406412089243531, 'black': 0.0021229227058938704, 'latino hispanic': 0.34285581205040216, 'asian': 99.5404064655304, 'indian': 0.016661829431541264, 'middle eastern': 0.013890101399738342}",,
86,50-59,female,white,3.1622776601683795,87.14362560516406
86,"{'0-2': 0.02619392762426287, '3-9': 0.16706307651475072, '10-19': 0.530649721622467, '20-29': 3.590007871389389, '30-39': 4.834247753024101, '40-49': 14.755338430404663, '50-59': 52.70935893058777, '60-69': 21.326810121536255, '70+': 2.0603233948349953}","{'male': 0.44414764270186424, 'female': 99.55585598945618}","{'white': 98.83983731269836, 'black': 0.0006436281637434149, 'latino hispanic': 0.032405328238382936, 'asian': 0.04155575588811189, 'indian': 0.005904871795792133, 'middle eastern': 1.0796606540679932}",,
87,20-29,male,latino hispanic,3.0,92.01650943396227
87,"{'0-2': 0.14825980179011822, '3-9': 0.6835407577455044, '10-19': 2.7259068563580513, '20-29': 31.26603066921234, '30-39': 28.768041729927063, '40-49': 24.803918600082397, '50-59': 7.185053825378418, '60-69': 3.3247020095586777, '70+': 1.0945466347038746}","{'male': 71.36236429214478, 'female': 28.637638688087463}","{'white': 24.44392740726471, 'black': 19.525229930877686, 'latino hispanic': 29.634949564933777, 'asian': 12.734510004520416, 'indian': 2.88278479129076, 'middle eastern': 10.778600722551346}",,
88,20-29,female,white,3.1622776601683795,62.626052171014244
88,"{'0-2': 2.9173935445214738e-05, '3-9': 0.01390738325426355, '10-19': 3.6801576614379883, '20-29': 82.01231956481934, '30-39': 14.031340181827545, '40-49': 0.2582515822723508, '50-59': 0.0038724232581444085, '60-69': 0.000107204039068165, '70+': 6.220457748895569e-06}","{'male': 0.19560449291020632, 'female': 99.8043954372406}","{'white': 99.90331530570984, 'black': 0.002139864045602735, 'latino hispanic': 0.03332708147354424, 'asian': 0.00022134520349936793, 'indian': 0.0010810691492224578, 'middle eastern': 0.05991064244881272}",,
89,20-29,female,white,9.433981132056603,39.20980176211454
89,"{'0-2': 0.007356837159022689, '3-9': 0.47558541409671307, '10-19': 12.105050683021545, '20-29': 66.12865328788757, '30-39': 19.61009055376053, '40-49': 1.5380670316517353, '50-59': 0.11750495759770274, '60-69': 0.016339821740984917, '70+': 0.0013553539247368462}","{'male': 17.772410809993744, 'female': 82.22758769989014}","{'white': 61.60135269165039, 'black': 0.1058113994076848, 'latino hispanic': 13.422061502933502, 'asian': 1.085742563009262, 'indian': 0.2622630214318633, 'middle eastern': 23.522774875164032}",,
90,20-29,male,white,31.953090617340916,64.02684563758389
90,"{'0-2': 7.763019027606788e-06, '3-9': 0.00013115388810547302, '10-19': 0.04972259630449116, '20-29': 52.93061137199402, '30-39': 46.23844027519226, '40-49': 0.7794645614922047, '50-59': 0.0015901367078186013, '60-69': 2.995756176460418e-05, '70+': 5.378683720635991e-07}","{'male': 99.9906063079834, 'female': 0.00939570672926493}","{'white': 50.18271207809448, 'black': 0.029897945933043957, 'latino hispanic': 15.305952727794647, 'asian': 0.10185451246798038, 'indian': 1.425835955888033, 'middle eastern': 32.95375108718872}",,
91,20-29,female,white,14.422205101855958,50.31481481481481
91,"{'0-2': 0.016416072321590036, '3-9': 0.34641025122255087, '10-19': 4.299556463956833, '20-29': 56.859540939331055, '30-39': 30.092358589172363, '40-49': 7.464596629142761, '50-59': 0.6711561698466539, '60-69': 0.19692960195243359, '70+': 0.0530295365024358}","{'male': 20.833231508731842, 'female': 79.16676998138428}","{'white': 47.678494453430176, 'black': 5.901611223816872, 'latino hispanic': 15.340709686279297, 'asian': 13.718277215957642, 'indian': 1.565537229180336, 'middle eastern': 15.795376896858215}",,
92,20-29,female,white,30.06659275674582,69.23481481481481
92,"{'0-2': 9.276503476485232e-06, '3-9': 0.001862438875832595, '10-19': 0.9308936074376106, '20-29': 54.35717701911926, '30-39': 41.42422676086426, '40-49': 3.2110732048749924, '50-59': 0.07395479478873312, '60-69': 0.0007985278898559045, '70+': 9.2602931545116e-06}","{'male': 0.2419817727059126, 'female': 99.75801706314087}","{'white': 97.3146140575409, 'black': 0.006622717046411708, 'latino hispanic': 2.1784361451864243, 'asian': 0.0037680729292333126, 'indian': 0.037818317650817335, 'middle eastern': 0.45874626375734806}",,
93,20-29,female,white,15.652475842498529,81.17666666666666
93,"{'0-2': 7.599464311169868e-05, '3-9': 0.04043659719172865, '10-19': 4.851885512471199, '20-29': 61.174583435058594, '30-39': 26.0154128074646, '40-49': 7.595149427652359, '50-59': 0.31820754520595074, '60-69': 0.004081436418346129, '70+': 0.00016296920648528612}","{'male': 0.0056676610256545246, 'female': 99.99433159828186}","{'white': 99.98705983161926, 'black': 1.9080238189417287e-05, 'latino hispanic': 0.004309694850235246, 'asian': 0.0030440996852121316, 'indian': 1.8628782072482863e-05, 'middle eastern': 0.005550875357585028}",,
94,20-29,female,asian,25.079872407968907,81.44332961724267
94,"{'0-2': 0.20364350639283657, '3-9': 2.618546597659588, '10-19': 10.019920021295547, '20-29': 30.365028977394104, '30-39': 21.170717477798462, '40-49': 19.933119416236877, '50-59': 8.354061841964722, '60-69': 4.620832577347755, '70+': 2.7141323313117027}","{'male': 33.84648263454437, 'female': 66.15351438522339}","{'white': 13.481031358242035, 'black': 18.71245801448822, 'latino hispanic': 11.15763932466507, 'asian': 45.47830522060394, 'indian': 3.289349749684334, 'middle eastern': 7.881222665309906}",,
95,30-39,male,middle eastern,16.0312195418814,55.98151408450705
95,"{'0-2': 0.0036369550798553973, '3-9': 0.19331463845446706, '10-19': 4.989588260650635, '20-29': 37.9830539226532, '30-39': 45.91511785984039, '40-49': 10.707008838653564, '50-59': 0.20469618029892445, '60-69': 0.003510172973619774, '70+': 7.790418976583169e-05}","{'male': 99.981689453125, 'female': 0.018306108540855348}","{'white': 4.588953405618668, 'black': 0.010525661491556093, 'latino hispanic': 7.513479143381119, 'asian': 0.024974130792543292, 'indian': 12.715809047222137, 'middle eastern': 75.14626383781433}",,
96,20-29,female,black,5.099019513592785,84.42757009345794
96,"{'0-2': 5.8181484519082005e-05, '3-9': 0.014793765149079263, '10-19': 2.7853619307279587, '20-29': 62.15696334838867, '30-39': 33.14371109008789, '40-49': 1.8136819824576378, '50-59': 0.08428167784586549, '60-69': 0.0011415948392823339, '70+': 1.57872079853405e-05}","{'male': 0.08595378021709621, 'female': 99.91405010223389}","{'white': 0.058916950365528464, 'black': 99.22520518302917, 'latino hispanic': 0.5939620546996593, 'asian': 0.008059971878537908, 'indian': 0.07696055108681321, 'middle eastern': 0.03690086305141449}",,
